{
  "arguana": {
    "NDCG@10": 0.47915,
    "Recall@100": 0.97226,
    "R_cap@100": 0.97226
  },
  "fiqa": {
    "NDCG@10": 0.33593,
    "Recall@100": 0.62095,
    "R_cap@100": 0.62095
  },
  "nfcorpus": {
    "NDCG@10": 0.33409,
    "Recall@100": 0.27705,
    "R_cap@100": 0.29269
  },
  "quora": {
    "NDCG@10": 0.83756,
    "Recall@100": 0.98685,
    "R_cap@100": 0.98685
  },
  "scidocs": {
    "NDCG@10": 0.15772,
    "Recall@100": 0.36428,
    "R_cap@100": 0.36428
  },
  "scifact": {
    "NDCG@10": 0.69252,
    "Recall@100": 0.92033,
    "R_cap@100": 0.92033
  },
  "trec-covid": {
    "NDCG@10": 0.71038,
    "Recall@100": 0.12344,
    "R_cap@100": 0.5498
  },
  "webis-touche2020": {
    "NDCG@10": 0.36434,
    "Recall@100": 0.35385,
    "R_cap@100": 0.35385
  },
  "climate-fever": {
    "NDCG@10": 0.2354,
    "Recall@100": 0.52433,
    "R_cap@100": 0.52433
  },
  "dbpedia-entity": {
    "NDCG@10": 0.43506,
    "Recall@100": 0.57523,
    "R_cap@100": 0.58255
  },
  "fever": {
    "NDCG@10": 0.78605,
    "Recall@100": 0.95138,
    "R_cap@100": 0.95138
  },
  "hotpotqa": {
    "NDCG@10": 0.68425,
    "Recall@100": 0.82032,
    "R_cap@100": 0.82032
  },
  "nq": {
    "NDCG@10": 0.52064,
    "Recall@100": 0.93045,
    "R_cap@100": 0.93045
  }
}